"Date Time","Date Time(RAW)","Traffic Total (Volume)","Traffic Total (Volume)(RAW)","Traffic Total (Speed)","Traffic Total (Speed)(RAW)","Traffic In (Volume)","Traffic In (Volume)(RAW)","Traffic In (Speed)","Traffic In (Speed)(RAW)","Traffic Out (Volume)","Traffic Out (Volume)(RAW)","Traffic Out (Speed)","Traffic Out (Speed)(RAW)","Downtime","Downtime(RAW)","Coverage","Coverage(RAW)"
"12/1/2025 12:00:00 AM","45992.7083333333","1,060,730 KB","1086187823.5441","101 kbit/s","12571.8395","546,236 KB","559345343.1606","52 kbit/s","6474.0183","514,495 KB","526842480.3834","49 kbit/s","6097.8212","0 %","0.0000","100 %","0000010000"
"12/2/2025 12:00:00 AM","45993.7083333333","1,014,141 KB","1038480456.2767","96 kbit/s","12019.6487","512,571 KB","524873089.0654","49 kbit/s","6075.0206","501,570 KB","513607367.2113","48 kbit/s","5944.6281","0 %","0.0000","100 %","0000010000"
"12/3/2025 12:00:00 AM","45994.7083333333","1,021,159 KB","1045666985.3717","97 kbit/s","12102.8457","518,552 KB","530996924.5464","49 kbit/s","6145.9087","502,607 KB","514670060.8253","48 kbit/s","5956.9370","0 %","0.0000","100 %","0000010000"
"12/4/2025 12:00:00 AM","45995.7083333333","1,013,671 KB","1037999383.5463","96 kbit/s","12014.0764","512,481 KB","524780172.6681","49 kbit/s","6073.9430","501,191 KB","513219210.8782","48 kbit/s","5940.1334","0 %","0.0000","100 %","0000010000"
"12/5/2025 12:00:00 AM","45996.7083333333","1,014,665 KB","1039016871.5764","96 kbit/s","12025.8712","513,526 KB","525851085.9139","49 kbit/s","6086.3472","501,138 KB","513165785.6625","48 kbit/s","5939.5240","0 %","0.0000","100 %","0000010000"
"12/6/2025 12:00:00 AM","45997.7083333333","925,014 KB","947214186.4628","88 kbit/s","10963.3150","458,892 KB","469905064.0893","44 kbit/s","5438.8092","466,122 KB","477309122.3735","44 kbit/s","5524.5058","0 %","0.0000","100 %","0000010000"
"12/7/2025 12:00:00 AM","45998.7083333333","924,467 KB","946654714.1161","88 kbit/s","10956.8268","458,640 KB","469647527.6232","43 kbit/s","5435.8221","465,827 KB","477007186.4930","44 kbit/s","5521.0047","0 %","0.0000","100 %","0000010000"
"12/8/2025 12:00:00 AM","45999.7083333333","1,041,476 KB","1066471089.5064","99 kbit/s","12343.6183","537,895 KB","550804074.2940","51 kbit/s","6375.1519","503,581 KB","515667015.2124","48 kbit/s","5968.4663","0 %","0.0000","100 %","0000010000"
"12/9/2025 12:00:00 AM","46000.7083333333","1,011,996 KB","1036283898.6737","96 kbit/s","11994.2237","511,065 KB","523330961.2154","48 kbit/s","6057.1709","500,931 KB","512952937.4583","47 kbit/s","5937.0529","0 %","0.0000","100 %","0000010000"
"12/10/2025 12:00:00 AM","46001.7083333333","1,055,756 KB","1081093974.6845","100 kbit/s","12512.8573","549,386 KB","562571051.9741","52 kbit/s","6511.3408","506,370 KB","518522922.7104","48 kbit/s","6001.5165","0 %","0.0000","100 %","0000010000"
"12/11/2025 12:00:00 AM","46002.7083333333","1,024,088 KB","1048666334.0477","97 kbit/s","12137.5497","520,035 KB","532515870.3105","49 kbit/s","6163.4837","504,053 KB","516150463.7372","48 kbit/s","5974.0660","0 %","0.0000","100 %","0000010000"
"12/12/2025 12:00:00 AM","46003.7083333333","1,039,667 KB","1064618878.4578","99 kbit/s","12322.1803","535,254 KB","548100078.6125","51 kbit/s","6343.8552","504,413 KB","516518799.8452","48 kbit/s","5978.3251","0 %","0.0000","100 %","0000010000"
"12/13/2025 12:00:00 AM","46004.7083333333","929,374 KB","951678873.4520","88 kbit/s","11014.9803","460,622 KB","471677225.8727","44 kbit/s","5459.3156","468,752 KB","480001647.5793","44 kbit/s","5555.6646","0 %","0.0000","100 %","0000010000"
"12/14/2025 12:00:00 AM","46005.7083333333","929,405 KB","951710962.4991","88 kbit/s","11015.3529","460,614 KB","471668631.8903","44 kbit/s","5459.2168","468,791 KB","480042330.6088","44 kbit/s","5556.1362","0 %","0.0000","100 %","0000010000"
"12/15/2025 12:00:00 AM","46006.7083333333","1,081,779 KB","1107741985.3736","103 kbit/s","12821.3030","571,911 KB","585636486.8142","54 kbit/s","6778.3138","509,869 KB","522105498.5593","48 kbit/s","6042.9891","0 %","0.0000","100 %","0000010000"
"12/16/2025 12:00:00 AM","46007.7083333333","1,015,588 KB","1039961651.7949","96 kbit/s","12036.7882","512,104 KB","524394891.0701","49 kbit/s","6069.4837","503,483 KB","515566760.7247","48 kbit/s","5967.3046","0 %","0.0000","100 %","0000010000"
"12/17/2025 12:00:00 AM","46008.7083333333","1,125,009 KB","1152009365.9246","107 kbit/s","13333.6717","577,167 KB","591019010.1768","55 kbit/s","6840.6158","547,842 KB","560990355.7479","52 kbit/s","6493.0559","0 %","0.0000","100 %","0000010000"
"12/18/2025 12:00:00 AM","46009.7083333333","1,100,355 KB","1126763239.8905","104 kbit/s","13041.4691","546,060 KB","559165693.5953","52 kbit/s","6471.9383","554,294 KB","567597546.2952","53 kbit/s","6569.5309","0 %","0.0000","100 %","0000010000"
"12/19/2025 12:00:00 AM","46010.7083333333","1,064,982 KB","1090541694.8964","101 kbit/s","12622.2236","512,397 KB","524694286.8397","49 kbit/s","6072.9532","552,585 KB","565847408.0567","52 kbit/s","6549.2705","0 %","0.0000","100 %","0000010000"
"12/20/2025 12:00:00 AM","46011.7083333333","974,815 KB","998210149.5757","92 kbit/s","11553.5548","460,618 KB","471672565.6992","44 kbit/s","5459.2661","514,197 KB","526537583.8765","49 kbit/s","6094.2887","0 %","0.0000","100 %","0000010000"
"12/21/2025 12:00:00 AM","46012.7083333333","974,754 KB","998148330.1257","92 kbit/s","11552.8312","460,671 KB","471726753.3523","44 kbit/s","5459.8895","514,084 KB","526421576.7734","49 kbit/s","6092.9418","0 %","0.0000","100 %","0000010000"
"12/22/2025 12:00:00 AM","46013.7083333333","1,085,001 KB","1111040841.1752","103 kbit/s","12859.4848","524,699 KB","537292201.6159","50 kbit/s","6218.7641","560,301 KB","573748639.5593","53 kbit/s","6640.7207","0 %","0.0000","100 %","0000010000"
"12/23/2025 12:00:00 AM","46014.7083333333","1,070,719 KB","1096416362.8873","102 kbit/s","12690.2245","515,584 KB","527957794.3804","49 kbit/s","6110.7287","555,135 KB","568458568.5069","53 kbit/s","6579.4958","0 %","0.0000","100 %","0000010000"
"12/24/2025 12:00:00 AM","46015.7083333333","1,100,922 KB","1127343754.0003","104 kbit/s","13048.1927","541,219 KB","554208714.7988","51 kbit/s","6414.5671","559,702 KB","573135039.2014","53 kbit/s","6633.6256","0 %","0.0000","100 %","0000010000"
"12/25/2025 12:00:00 AM","46016.7083333333","975,294 KB","998700847.6551","92 kbit/s","11559.2423","460,830 KB","471890290.9352","44 kbit/s","5461.7899","514,463 KB","526810556.7198","49 kbit/s","6097.4524","0 %","0.0000","100 %","0000010000"
"12/26/2025 12:00:00 AM","46017.7083333333","974,990 KB","998389351.0512","92 kbit/s","11555.6182","460,754 KB","471812021.8628","44 kbit/s","5460.8751","514,236 KB","526577329.1884","49 kbit/s","6094.7431","0 %","0.0000","100 %","0000010000"
"12/27/2025 12:00:00 AM","46018.7083333333","974,666 KB","998057890.9598","92 kbit/s","11551.7952","460,746 KB","471803532.8123","44 kbit/s","5460.7832","513,920 KB","526254358.1475","49 kbit/s","6091.0120","0 %","0.0000","100 %","0000010000"
"12/28/2025 12:00:00 AM","46019.7083333333","975,760 KB","999178184.8697","93 kbit/s","11564.7537","460,764 KB","471822189.9338","44 kbit/s","5460.9954","514,996 KB","527355994.9359","49 kbit/s","6103.7584","0 %","0.0000","100 %","0000010000"
"12/29/2025 12:00:00 AM","46020.7083333333","1,098,016 KB","1124368121.9215","104 kbit/s","13013.7338","538,352 KB","551272446.8892","51 kbit/s","6380.5730","559,664 KB","573095675.0323","53 kbit/s","6633.1608","0 %","0.0000","100 %","0000010000"
"Sums (of 29 values)",,"29,598,258 KB",,"",,"14,699,645 KB",,"",,"14,898,613 KB",,"",,"",,"",
"Averages (of 29 values)",,"1,020,630 KB",,"97 kbit/s",,"506,884 KB",,"48 kbit/s",,"513,745 KB",,"49 kbit/s",,"0 %",,"100 %",